[{"model": "admin.logentry", "pk": 1, "fields": {"action_time": "2021-04-07T12:26:54.423Z", "user": 1, "content_type": 7, "object_id": "1", "object_repr": "Category object (1)", "action_flag": 1, "change_message": "[{\"added\": {}}]"}}, {"model": "admin.logentry", "pk": 2, "fields": {"action_time": "2021-04-07T12:28:04.759Z", "user": 1, "content_type": 7, "object_id": "2", "object_repr": "Category object (2)", "action_flag": 1, "change_message": "[{\"added\": {}}]"}}, {"model": "admin.logentry", "pk": 3, "fields": {"action_time": "2021-04-07T12:31:58.836Z", "user": 1, "content_type": 7, "object_id": "3", "object_repr": "Category object (3)", "action_flag": 1, "change_message": "[{\"added\": {}}]"}}, {"model": "admin.logentry", "pk": 4, "fields": {"action_time": "2021-04-07T12:33:42.503Z", "user": 1, "content_type": 7, "object_id": "4", "object_repr": "Category object (4)", "action_flag": 1, "change_message": "[{\"added\": {}}]"}}, {"model": "admin.logentry", "pk": 5, "fields": {"action_time": "2021-04-07T18:43:52.548Z", "user": 1, "content_type": 7, "object_id": "5", "object_repr": "test:5", "action_flag": 1, "change_message": "[{\"added\": {}}]"}}, {"model": "admin.logentry", "pk": 6, "fields": {"action_time": "2021-04-07T18:44:24.962Z", "user": 1, "content_type": 7, "object_id": "5", "object_repr": "test:5", "action_flag": 3, "change_message": ""}}, {"model": "admin.logentry", "pk": 7, "fields": {"action_time": "2021-04-07T18:59:42.869Z", "user": 1, "content_type": 8, "object_id": "1", "object_repr": "Ibuprofen Tablets, 200mg:20", "action_flag": 1, "change_message": "[{\"added\": {}}]"}}, {"model": "admin.logentry", "pk": 8, "fields": {"action_time": "2021-04-07T19:26:47.832Z", "user": 1, "content_type": 8, "object_id": "1", "object_repr": "Ibuprofen Tablets, 200mg:20.00", "action_flag": 2, "change_message": "[{\"changed\": {\"fields\": [\"Image\", \"Is popular\"]}}]"}}, {"model": "admin.logentry", "pk": 9, "fields": {"action_time": "2021-04-07T19:27:28.456Z", "user": 1, "content_type": 8, "object_id": "1", "object_repr": "Ibuprofen Tablets, 200mg:20.00", "action_flag": 2, "change_message": "[{\"changed\": {\"fields\": [\"Packaging\"]}}]"}}, {"model": "admin.logentry", "pk": 10, "fields": {"action_time": "2021-04-07T20:00:52.822Z", "user": 1, "content_type": 8, "object_id": "1", "object_repr": "Ibuprofen Tablets, 200mg:20.00", "action_flag": 2, "change_message": "[{\"changed\": {\"fields\": [\"Image full\", \"Image small\"]}}]"}}, {"model": "admin.logentry", "pk": 11, "fields": {"action_time": "2021-04-07T20:18:11.100Z", "user": 1, "content_type": 8, "object_id": "1", "object_repr": "Ibuprofen Tablets, 200mg:20.00", "action_flag": 2, "change_message": "[{\"changed\": {\"fields\": [\"Image full\", \"Image small\"]}}]"}}, {"model": "admin.logentry", "pk": 12, "fields": {"action_time": "2021-04-07T20:18:35.628Z", "user": 1, "content_type": 8, "object_id": "1", "object_repr": "Ibuprofen Tablets, 200mg:20.00", "action_flag": 2, "change_message": "[{\"changed\": {\"fields\": [\"Image full\", \"Image small\"]}}]"}}, {"model": "admin.logentry", "pk": 13, "fields": {"action_time": "2021-04-07T20:34:02.773Z", "user": 1, "content_type": 8, "object_id": "1", "object_repr": "Ibuprofen Tablets, 200mg:20.00", "action_flag": 2, "change_message": "[{\"changed\": {\"fields\": [\"Is new\"]}}]"}}, {"model": "admin.logentry", "pk": 14, "fields": {"action_time": "2021-04-07T20:34:35.460Z", "user": 1, "content_type": 7, "object_id": "5", "object_repr": "Cosmetic:5", "action_flag": 1, "change_message": "[{\"added\": {}}]"}}, {"model": "admin.logentry", "pk": 15, "fields": {"action_time": "2021-04-07T20:34:51.080Z", "user": 1, "content_type": 7, "object_id": "5", "object_repr": "Cosmetics:5", "action_flag": 2, "change_message": "[{\"changed\": {\"fields\": [\"Title\"]}}]"}}, {"model": "admin.logentry", "pk": 16, "fields": {"action_time": "2021-04-07T20:37:58.802Z", "user": 1, "content_type": 8, "object_id": "2", "object_repr": "Bioderma:15", "action_flag": 1, "change_message": "[{\"added\": {}}]"}}, {"model": "admin.logentry", "pk": 17, "fields": {"action_time": "2021-04-07T21:09:31.384Z", "user": 1, "content_type": 8, "object_id": "2", "object_repr": "Bioderma:15.00", "action_flag": 2, "change_message": "[{\"changed\": {\"fields\": [\"Image full\", \"Image small\"]}}]"}}, {"model": "admin.logentry", "pk": 18, "fields": {"action_time": "2021-04-07T21:10:28.130Z", "user": 1, "content_type": 8, "object_id": "2", "object_repr": "Bioderma:15.00", "action_flag": 2, "change_message": "[{\"changed\": {\"fields\": [\"Image full\", \"Image small\"]}}]"}}, {"model": "admin.logentry", "pk": 19, "fields": {"action_time": "2021-04-07T21:31:52.953Z", "user": 1, "content_type": 8, "object_id": "2", "object_repr": "Bioderma:15.00", "action_flag": 2, "change_message": "[{\"changed\": {\"fields\": [\"Image small\"]}}]"}}, {"model": "admin.logentry", "pk": 20, "fields": {"action_time": "2021-04-07T21:44:51.025Z", "user": 1, "content_type": 8, "object_id": "3", "object_repr": "Vitamin C, 200mg:10", "action_flag": 1, "change_message": "[{\"added\": {}}]"}}, {"model": "admin.logentry", "pk": 21, "fields": {"action_time": "2021-04-07T21:45:20.278Z", "user": 1, "content_type": 8, "object_id": "3", "object_repr": "Vitamin C, 200mg:10.00", "action_flag": 2, "change_message": "[{\"changed\": {\"fields\": [\"Is popular\"]}}]"}}, {"model": "admin.logentry", "pk": 22, "fields": {"action_time": "2021-04-07T21:45:36.591Z", "user": 1, "content_type": 8, "object_id": "3", "object_repr": "Vitamin C, 200mg:10.00", "action_flag": 2, "change_message": "[{\"changed\": {\"fields\": [\"Is popular\"]}}]"}}, {"model": "admin.logentry", "pk": 23, "fields": {"action_time": "2021-04-08T12:34:02.645Z", "user": 1, "content_type": 8, "object_id": "4", "object_repr": "Herbal Tea, $19.99, Tea & Coffee:4", "action_flag": 1, "change_message": "[{\"added\": {}}]"}}, {"model": "admin.logentry", "pk": 24, "fields": {"action_time": "2021-04-08T12:49:16.278Z", "user": 1, "content_type": 8, "object_id": "4", "object_repr": "Herbal Tea, $19.99, Tea & Coffee:4", "action_flag": 2, "change_message": "[{\"changed\": {\"fields\": [\"Image small\"]}}]"}}, {"model": "admin.logentry", "pk": 25, "fields": {"action_time": "2021-04-08T12:57:12.714Z", "user": 1, "content_type": 8, "object_id": "4", "object_repr": "Herbal Tea, $19.99, Tea & Coffee:4", "action_flag": 2, "change_message": "[{\"changed\": {\"fields\": [\"Image full\", \"Image small\"]}}]"}}, {"model": "admin.logentry", "pk": 26, "fields": {"action_time": "2021-04-08T12:58:08.477Z", "user": 1, "content_type": 8, "object_id": "4", "object_repr": "Green Tea, $19.99, Tea & Coffee:4", "action_flag": 2, "change_message": "[{\"changed\": {\"fields\": [\"Name\", \"Slug\"]}}]"}}, {"model": "admin.logentry", "pk": 27, "fields": {"action_time": "2021-04-08T13:06:20.751Z", "user": 1, "content_type": 7, "object_id": "1", "object_repr": "Drugs:1", "action_flag": 2, "change_message": "[{\"changed\": {\"fields\": [\"Title\"]}}]"}}, {"model": "admin.logentry", "pk": 28, "fields": {"action_time": "2021-04-08T13:26:24.595Z", "user": 1, "content_type": 8, "object_id": "5", "object_repr": "Theraflu, $5, Drugs:1", "action_flag": 1, "change_message": "[{\"added\": {}}]"}}, {"model": "admin.logentry", "pk": 29, "fields": {"action_time": "2021-04-08T13:29:43.803Z", "user": 1, "content_type": 8, "object_id": "5", "object_repr": "Theraflu, $5.00, Drugs:1", "action_flag": 2, "change_message": "[{\"changed\": {\"fields\": [\"Image small\"]}}]"}}, {"model": "admin.logentry", "pk": 30, "fields": {"action_time": "2021-04-08T13:31:49.765Z", "user": 1, "content_type": 8, "object_id": "5", "object_repr": "Theraflu, $5.00, Drugs:1", "action_flag": 2, "change_message": "[{\"changed\": {\"fields\": [\"Image small\"]}}]"}}, {"model": "admin.logentry", "pk": 31, "fields": {"action_time": "2021-04-08T13:33:30.952Z", "user": 1, "content_type": 8, "object_id": "6", "object_repr": "Test, $9, Drugs:1", "action_flag": 1, "change_message": "[{\"added\": {}}]"}}, {"model": "admin.logentry", "pk": 32, "fields": {"action_time": "2021-04-08T13:35:07.019Z", "user": 1, "content_type": 8, "object_id": "6", "object_repr": "Test, $9.00, Drugs:1", "action_flag": 2, "change_message": "[{\"changed\": {\"fields\": [\"Image full\", \"Image small\"]}}]"}}, {"model": "admin.logentry", "pk": 33, "fields": {"action_time": "2021-04-08T13:35:45.847Z", "user": 1, "content_type": 8, "object_id": "5", "object_repr": "Theraflu, $5.00, Drugs:1", "action_flag": 2, "change_message": "[{\"changed\": {\"fields\": [\"Image full\", \"Image small\"]}}]"}}, {"model": "admin.logentry", "pk": 34, "fields": {"action_time": "2021-04-08T14:24:01.708Z", "user": 1, "content_type": 9, "object_id": "1", "object_repr": "About us", "action_flag": 1, "change_message": "[{\"added\": {}}]"}}, {"model": "admin.logentry", "pk": 35, "fields": {"action_time": "2021-04-08T15:22:23.999Z", "user": 1, "content_type": 10, "object_id": "1", "object_repr": "San Francisco; 203 Fake St. Mount; California", "action_flag": 1, "change_message": "[{\"added\": {}}]"}}, {"model": "admin.logentry", "pk": 36, "fields": {"action_time": "2021-04-08T15:26:52.617Z", "user": 1, "content_type": 11, "object_id": "1", "object_repr": "+2 3923929210", "action_flag": 1, "change_message": "[{\"added\": {}}]"}}, {"model": "admin.logentry", "pk": 37, "fields": {"action_time": "2021-04-08T15:28:40.878Z", "user": 1, "content_type": 12, "object_id": "1", "object_repr": "PHARMA PRODUCTS", "action_flag": 1, "change_message": "[{\"added\": {}}]"}}, {"model": "admin.logentry", "pk": 38, "fields": {"action_time": "2021-04-08T15:37:52.354Z", "user": 1, "content_type": 12, "object_id": "2", "object_repr": "RATED BY EXPERT", "action_flag": 1, "change_message": "[{\"added\": {}}]"}}, {"model": "admin.logentry", "pk": 39, "fields": {"action_time": "2021-04-08T15:38:47.155Z", "user": 1, "content_type": 13, "object_id": "1", "object_repr": "FREE SHIPPING", "action_flag": 1, "change_message": "[{\"added\": {}}]"}}, {"model": "admin.logentry", "pk": 40, "fields": {"action_time": "2021-04-08T15:40:04.028Z", "user": 1, "content_type": 13, "object_id": "2", "object_repr": "DELIVERY", "action_flag": 1, "change_message": "[{\"added\": {}}]"}}, {"model": "admin.logentry", "pk": 41, "fields": {"action_time": "2021-04-08T15:41:05.561Z", "user": 1, "content_type": 13, "object_id": "3", "object_repr": "HOT LINE", "action_flag": 1, "change_message": "[{\"added\": {}}]"}}, {"model": "admin.logentry", "pk": 42, "fields": {"action_time": "2021-04-08T15:42:07.162Z", "user": 1, "content_type": 14, "object_id": "1", "object_repr": "John", "action_flag": 1, "change_message": "[{\"added\": {}}]"}}, {"model": "admin.logentry", "pk": 43, "fields": {"action_time": "2021-04-08T15:42:11.482Z", "user": 1, "content_type": 14, "object_id": "1", "object_repr": "John", "action_flag": 2, "change_message": "[]"}}, {"model": "admin.logentry", "pk": 44, "fields": {"action_time": "2021-04-08T15:42:53.182Z", "user": 1, "content_type": 14, "object_id": "2", "object_repr": "Helen", "action_flag": 1, "change_message": "[{\"added\": {}}]"}}, {"model": "admin.logentry", "pk": 45, "fields": {"action_time": "2021-04-08T15:43:31.619Z", "user": 1, "content_type": 14, "object_id": "3", "object_repr": "Andrew", "action_flag": 1, "change_message": "[{\"added\": {}}]"}}, {"model": "admin.logentry", "pk": 46, "fields": {"action_time": "2021-04-08T16:27:37.067Z", "user": 1, "content_type": 15, "object_id": "1", "object_repr": "WELCOME TO PHARMA", "action_flag": 1, "change_message": "[{\"added\": {}}]"}}, {"model": "admin.logentry", "pk": 47, "fields": {"action_time": "2021-04-09T13:10:55.218Z", "user": 1, "content_type": 13, "object_id": "2", "object_repr": "DELIVERY", "action_flag": 3, "change_message": ""}}, {"model": "admin.logentry", "pk": 48, "fields": {"action_time": "2021-04-09T13:10:55.354Z", "user": 1, "content_type": 13, "object_id": "1", "object_repr": "FREE SHIPPING", "action_flag": 3, "change_message": ""}}, {"model": "admin.logentry", "pk": 49, "fields": {"action_time": "2021-04-09T13:12:23.526Z", "user": 1, "content_type": 16, "object_id": "1", "object_repr": "DELIVERY", "action_flag": 1, "change_message": "[{\"added\": {}}]"}}, {"model": "admin.logentry", "pk": 50, "fields": {"action_time": "2021-04-09T13:12:58.712Z", "user": 1, "content_type": 17, "object_id": "1", "object_repr": "FREE SHIPPING", "action_flag": 1, "change_message": "[{\"added\": {}}]"}}, {"model": "admin.logentry", "pk": 51, "fields": {"action_time": "2021-04-09T14:07:39.619Z", "user": 1, "content_type": 18, "object_id": "1", "object_repr": "example@mail.com", "action_flag": 1, "change_message": "[{\"added\": {}}]"}}, {"model": "admin.logentry", "pk": 52, "fields": {"action_time": "2021-04-09T14:12:02.794Z", "user": 1, "content_type": 10, "object_id": "2", "object_repr": "203 Fake St. Mountain View, San Francisco, California, USA", "action_flag": 1, "change_message": "[{\"added\": {}}]"}}, {"model": "admin.logentry", "pk": 53, "fields": {"action_time": "2021-04-09T14:12:14.470Z", "user": 1, "content_type": 10, "object_id": "1", "object_repr": "", "action_flag": 3, "change_message": ""}}, {"model": "admin.logentry", "pk": 54, "fields": {"action_time": "2021-04-09T14:59:33.514Z", "user": 1, "content_type": 12, "object_id": "2", "object_repr": "RATED BY EXPERT", "action_flag": 2, "change_message": "[{\"changed\": {\"fields\": [\"Photo\"]}}]"}}, {"model": "admin.logentry", "pk": 55, "fields": {"action_time": "2021-04-11T11:12:47.339Z", "user": 1, "content_type": 20, "object_id": "1", "object_repr": "Free Shipping", "action_flag": 1, "change_message": "[{\"added\": {}}]"}}, {"model": "admin.logentry", "pk": 56, "fields": {"action_time": "2021-04-11T11:13:03.534Z", "user": 1, "content_type": 20, "object_id": "2", "object_repr": "Free Returns", "action_flag": 1, "change_message": "[{\"added\": {}}]"}}, {"model": "admin.logentry", "pk": 57, "fields": {"action_time": "2021-04-11T11:13:40.699Z", "user": 1, "content_type": 20, "object_id": "3", "object_repr": "Support", "action_flag": 1, "change_message": "[{\"added\": {}}]"}}, {"model": "admin.logentry", "pk": 58, "fields": {"action_time": "2021-04-11T11:14:53.265Z", "user": 1, "content_type": 21, "object_id": "1", "object_repr": "Georgy, Manager", "action_flag": 1, "change_message": "[{\"added\": {}}]"}}, {"model": "admin.logentry", "pk": 59, "fields": {"action_time": "2021-04-11T11:25:31.001Z", "user": 1, "content_type": 21, "object_id": "2", "object_repr": "Kathrin, ceo", "action_flag": 1, "change_message": "[{\"added\": {}}]"}}, {"model": "admin.logentry", "pk": 60, "fields": {"action_time": "2021-04-11T11:26:23.846Z", "user": 1, "content_type": 21, "object_id": "2", "object_repr": "Kathrin, ceo", "action_flag": 2, "change_message": "[{\"changed\": {\"fields\": [\"Image\"]}}]"}}, {"model": "admin.logentry", "pk": 61, "fields": {"action_time": "2021-04-11T11:28:11.616Z", "user": 1, "content_type": 21, "object_id": "3", "object_repr": "Elvis, Sales-manager", "action_flag": 1, "change_message": "[{\"added\": {}}]"}}, {"model": "admin.logentry", "pk": 62, "fields": {"action_time": "2021-04-11T11:29:37.083Z", "user": 1, "content_type": 21, "object_id": "4", "object_repr": "Robert, Founder", "action_flag": 1, "change_message": "[{\"added\": {}}]"}}, {"model": "admin.logentry", "pk": 63, "fields": {"action_time": "2021-04-11T11:29:50.503Z", "user": 1, "content_type": 21, "object_id": "2", "object_repr": "Kathrin, ceo", "action_flag": 2, "change_message": "[{\"changed\": {\"fields\": [\"Desc\"]}}]"}}, {"model": "admin.logentry", "pk": 64, "fields": {"action_time": "2021-04-11T11:30:43.455Z", "user": 1, "content_type": 19, "object_id": "1", "object_repr": "How We Started", "action_flag": 1, "change_message": "[{\"added\": {}}]"}}, {"model": "admin.logentry", "pk": 65, "fields": {"action_time": "2021-04-11T11:33:56.449Z", "user": 1, "content_type": 19, "object_id": "2", "object_repr": "We Are Trusted Company", "action_flag": 1, "change_message": "[{\"added\": {}}]"}}, {"model": "admin.logentry", "pk": 66, "fields": {"action_time": "2021-04-11T11:36:01.418Z", "user": 1, "content_type": 21, "object_id": "4", "object_repr": "Robert, Founder", "action_flag": 2, "change_message": "[{\"changed\": {\"fields\": [\"Image\"]}}]"}}, {"model": "admin.logentry", "pk": 67, "fields": {"action_time": "2021-04-11T11:36:22.492Z", "user": 1, "content_type": 21, "object_id": "3", "object_repr": "Elvis, Sales-manager", "action_flag": 2, "change_message": "[{\"changed\": {\"fields\": [\"Image\"]}}]"}}, {"model": "admin.logentry", "pk": 68, "fields": {"action_time": "2021-04-11T11:36:32.494Z", "user": 1, "content_type": 21, "object_id": "2", "object_repr": "Kathrin, ceo", "action_flag": 2, "change_message": "[{\"changed\": {\"fields\": [\"Image\"]}}]"}}, {"model": "admin.logentry", "pk": 69, "fields": {"action_time": "2021-04-11T11:36:43.512Z", "user": 1, "content_type": 21, "object_id": "1", "object_repr": "Georgy, Manager", "action_flag": 2, "change_message": "[{\"changed\": {\"fields\": [\"Image\"]}}]"}}, {"model": "admin.logentry", "pk": 70, "fields": {"action_time": "2021-04-11T11:38:19.082Z", "user": 1, "content_type": 21, "object_id": "3", "object_repr": "Elvis, Sales-manager", "action_flag": 2, "change_message": "[]"}}, {"model": "admin.logentry", "pk": 71, "fields": {"action_time": "2021-04-11T13:52:02.192Z", "user": 1, "content_type": 22, "object_id": "4", "object_repr": "test : test example@mail.com : test", "action_flag": 3, "change_message": ""}}, {"model": "admin.logentry", "pk": 72, "fields": {"action_time": "2021-04-11T13:52:12.173Z", "user": 1, "content_type": 22, "object_id": "2", "object_repr": "Dan : Dan example@mail.com : hi world", "action_flag": 3, "change_message": ""}}, {"model": "admin.logentry", "pk": 73, "fields": {"action_time": "2021-04-16T17:19:19.871Z", "user": 1, "content_type": 3, "object_id": "1", "object_repr": "Manager", "action_flag": 1, "change_message": "[{\"added\": {}}]"}}, {"model": "admin.logentry", "pk": 74, "fields": {"action_time": "2021-04-16T17:20:08.719Z", "user": 1, "content_type": 4, "object_id": "2", "object_repr": "John", "action_flag": 2, "change_message": "[{\"changed\": {\"fields\": [\"Groups\"]}}]"}}, {"model": "admin.logentry", "pk": 75, "fields": {"action_time": "2021-04-17T14:35:55.775Z", "user": 1, "content_type": 4, "object_id": "2", "object_repr": "John", "action_flag": 2, "change_message": "[{\"changed\": {\"fields\": [\"Staff status\"]}}]"}}, {"model": "admin.logentry", "pk": 76, "fields": {"action_time": "2021-04-26T18:43:03.190Z", "user": 1, "content_type": 15, "object_id": "1", "object_repr": "WELCOME TO PHARMA", "action_flag": 2, "change_message": "[{\"changed\": {\"fields\": [\"Photo\"]}}]"}}, {"model": "admin.logentry", "pk": 77, "fields": {"action_time": "2021-04-26T18:45:19.313Z", "user": 1, "content_type": 14, "object_id": "3", "object_repr": "Andrew", "action_flag": 2, "change_message": "[{\"changed\": {\"fields\": [\"Image\"]}}]"}}, {"model": "admin.logentry", "pk": 78, "fields": {"action_time": "2021-04-26T18:45:30.512Z", "user": 1, "content_type": 14, "object_id": "2", "object_repr": "Helen", "action_flag": 2, "change_message": "[{\"changed\": {\"fields\": [\"Image\"]}}]"}}, {"model": "admin.logentry", "pk": 79, "fields": {"action_time": "2021-04-26T18:45:41.343Z", "user": 1, "content_type": 14, "object_id": "1", "object_repr": "John", "action_flag": 2, "change_message": "[{\"changed\": {\"fields\": [\"Image\"]}}]"}}, {"model": "admin.logentry", "pk": 80, "fields": {"action_time": "2021-04-26T18:46:47.306Z", "user": 1, "content_type": 12, "object_id": "2", "object_repr": "RATED BY EXPERT", "action_flag": 2, "change_message": "[{\"changed\": {\"fields\": [\"Photo\"]}}]"}}, {"model": "admin.logentry", "pk": 81, "fields": {"action_time": "2021-04-26T18:47:08.605Z", "user": 1, "content_type": 12, "object_id": "1", "object_repr": "PHARMA PRODUCTS", "action_flag": 2, "change_message": "[{\"changed\": {\"fields\": [\"Photo\"]}}]"}}, {"model": "admin.logentry", "pk": 82, "fields": {"action_time": "2021-04-26T18:48:37.083Z", "user": 1, "content_type": 8, "object_id": "7", "object_repr": "Another One, $44.00, Diet & Nutrition:3", "action_flag": 2, "change_message": "[{\"changed\": {\"fields\": [\"Image full\"]}}]"}}, {"model": "admin.logentry", "pk": 83, "fields": {"action_time": "2021-04-26T18:49:24.827Z", "user": 1, "content_type": 8, "object_id": "2", "object_repr": "Bioderma, $15.00, Cosmetics:5", "action_flag": 2, "change_message": "[{\"changed\": {\"fields\": [\"Image full\"]}}]"}}, {"model": "admin.logentry", "pk": 84, "fields": {"action_time": "2021-04-26T18:49:54.748Z", "user": 1, "content_type": 8, "object_id": "4", "object_repr": "Green Tea, $19.99, Tea & Coffee:4", "action_flag": 2, "change_message": "[{\"changed\": {\"fields\": [\"Image full\"]}}]"}}, {"model": "admin.logentry", "pk": 85, "fields": {"action_time": "2021-04-26T18:50:41.667Z", "user": 1, "content_type": 8, "object_id": "1", "object_repr": "Ibuprofen Tablets, 200mg, $20.00, Drugs:1", "action_flag": 2, "change_message": "[{\"changed\": {\"fields\": [\"Image full\"]}}]"}}, {"model": "admin.logentry", "pk": 86, "fields": {"action_time": "2021-04-26T18:51:21.246Z", "user": 1, "content_type": 8, "object_id": "6", "object_repr": "Test, $9.00, Drugs:1", "action_flag": 2, "change_message": "[{\"changed\": {\"fields\": [\"Image full\"]}}]"}}, {"model": "admin.logentry", "pk": 87, "fields": {"action_time": "2021-04-26T18:51:52.709Z", "user": 1, "content_type": 8, "object_id": "5", "object_repr": "Theraflu, $5.00, Drugs:1", "action_flag": 2, "change_message": "[{\"changed\": {\"fields\": [\"Image full\"]}}]"}}, {"model": "admin.logentry", "pk": 88, "fields": {"action_time": "2021-04-26T18:55:17.662Z", "user": 1, "content_type": 8, "object_id": "3", "object_repr": "Vitamin C, 200mg, $10.00, Vitamins:2", "action_flag": 2, "change_message": "[{\"changed\": {\"fields\": [\"Image full\"]}}]"}}, {"model": "admin.logentry", "pk": 89, "fields": {"action_time": "2021-04-26T18:55:58.261Z", "user": 1, "content_type": 8, "object_id": "10", "object_repr": "testtesttest, $14.00, Tea & Coffee:4", "action_flag": 2, "change_message": "[{\"changed\": {\"fields\": [\"Image full\"]}}]"}}, {"model": "admin.logentry", "pk": 90, "fields": {"action_time": "2021-04-26T18:56:14.886Z", "user": 1, "content_type": 8, "object_id": "10", "object_repr": "testtesttest, $14.00, Tea & Coffee:4", "action_flag": 2, "change_message": "[]"}}, {"model": "admin.logentry", "pk": 91, "fields": {"action_time": "2021-04-26T18:56:36.384Z", "user": 1, "content_type": 8, "object_id": "9", "object_repr": "testtesttest, $36.00, Cosmetics:5", "action_flag": 2, "change_message": "[{\"changed\": {\"fields\": [\"Image full\"]}}]"}}, {"model": "admin.logentry", "pk": 92, "fields": {"action_time": "2021-04-26T18:56:59.642Z", "user": 1, "content_type": 8, "object_id": "8", "object_repr": "testtesttest, $22.00, Diet & Nutrition:3", "action_flag": 2, "change_message": "[{\"changed\": {\"fields\": [\"Image full\"]}}]"}}, {"model": "admin.logentry", "pk": 93, "fields": {"action_time": "2021-04-26T18:58:41.138Z", "user": 1, "content_type": 8, "object_id": "7", "object_repr": "Another One, $44.00, Diet & Nutrition:3", "action_flag": 2, "change_message": "[{\"changed\": {\"fields\": [\"Image small\"]}}]"}}, {"model": "admin.logentry", "pk": 94, "fields": {"action_time": "2021-04-26T18:59:46.288Z", "user": 1, "content_type": 8, "object_id": "7", "object_repr": "Another One, $44.00, Diet & Nutrition:3", "action_flag": 2, "change_message": "[]"}}, {"model": "admin.logentry", "pk": 95, "fields": {"action_time": "2021-04-26T19:00:12.532Z", "user": 1, "content_type": 8, "object_id": "2", "object_repr": "Bioderma, $15.00, Cosmetics:5", "action_flag": 2, "change_message": "[{\"changed\": {\"fields\": [\"Image small\"]}}]"}}, {"model": "admin.logentry", "pk": 96, "fields": {"action_time": "2021-04-26T19:00:36.656Z", "user": 1, "content_type": 8, "object_id": "4", "object_repr": "Green Tea, $19.99, Tea & Coffee:4", "action_flag": 2, "change_message": "[{\"changed\": {\"fields\": [\"Image small\"]}}]"}}, {"model": "admin.logentry", "pk": 97, "fields": {"action_time": "2021-04-26T19:01:53.149Z", "user": 1, "content_type": 8, "object_id": "1", "object_repr": "Ibuprofen Tablets, 200mg, $20.00, Drugs:1", "action_flag": 2, "change_message": "[{\"changed\": {\"fields\": [\"Image small\"]}}]"}}, {"model": "admin.logentry", "pk": 98, "fields": {"action_time": "2021-04-26T19:02:24.736Z", "user": 1, "content_type": 8, "object_id": "6", "object_repr": "Test, $9.00, Drugs:1", "action_flag": 2, "change_message": "[{\"changed\": {\"fields\": [\"Image small\"]}}]"}}, {"model": "admin.logentry", "pk": 99, "fields": {"action_time": "2021-04-26T19:03:10.137Z", "user": 1, "content_type": 8, "object_id": "5", "object_repr": "Theraflu, $5.00, Drugs:1", "action_flag": 2, "change_message": "[{\"changed\": {\"fields\": [\"Image small\"]}}]"}}, {"model": "admin.logentry", "pk": 100, "fields": {"action_time": "2021-04-26T19:04:00.263Z", "user": 1, "content_type": 8, "object_id": "3", "object_repr": "Vitamin C, 200mg, $10.00, Vitamins:2", "action_flag": 2, "change_message": "[{\"changed\": {\"fields\": [\"Image small\"]}}]"}}, {"model": "admin.logentry", "pk": 101, "fields": {"action_time": "2021-04-26T19:04:26.032Z", "user": 1, "content_type": 8, "object_id": "10", "object_repr": "testtesttest, $14.00, Tea & Coffee:4", "action_flag": 2, "change_message": "[{\"changed\": {\"fields\": [\"Image small\"]}}]"}}, {"model": "admin.logentry", "pk": 102, "fields": {"action_time": "2021-04-26T19:05:02.161Z", "user": 1, "content_type": 8, "object_id": "9", "object_repr": "testtesttest, $36.00, Cosmetics:5", "action_flag": 2, "change_message": "[{\"changed\": {\"fields\": [\"Image small\"]}}]"}}, {"model": "admin.logentry", "pk": 103, "fields": {"action_time": "2021-04-26T19:05:25.213Z", "user": 1, "content_type": 8, "object_id": "8", "object_repr": "testtesttest, $22.00, Diet & Nutrition:3", "action_flag": 2, "change_message": "[{\"changed\": {\"fields\": [\"Image small\"]}}]"}}, {"model": "admin.logentry", "pk": 104, "fields": {"action_time": "2021-04-26T19:06:10.183Z", "user": 1, "content_type": 21, "object_id": "4", "object_repr": "Robert, Founder", "action_flag": 2, "change_message": "[{\"changed\": {\"fields\": [\"Image\"]}}]"}}, {"model": "admin.logentry", "pk": 105, "fields": {"action_time": "2021-04-26T19:06:21.940Z", "user": 1, "content_type": 21, "object_id": "3", "object_repr": "Elvis, Sales-manager", "action_flag": 2, "change_message": "[{\"changed\": {\"fields\": [\"Image\"]}}]"}}, {"model": "admin.logentry", "pk": 106, "fields": {"action_time": "2021-04-26T19:06:34.561Z", "user": 1, "content_type": 21, "object_id": "2", "object_repr": "Kathrin, ceo", "action_flag": 2, "change_message": "[{\"changed\": {\"fields\": [\"Image\"]}}]"}}, {"model": "admin.logentry", "pk": 107, "fields": {"action_time": "2021-04-26T19:06:34.886Z", "user": 1, "content_type": 21, "object_id": "2", "object_repr": "Kathrin, ceo", "action_flag": 2, "change_message": "[{\"changed\": {\"fields\": [\"Image\"]}}]"}}, {"model": "admin.logentry", "pk": 108, "fields": {"action_time": "2021-04-26T19:06:48.306Z", "user": 1, "content_type": 21, "object_id": "1", "object_repr": "Georgy, Manager", "action_flag": 2, "change_message": "[{\"changed\": {\"fields\": [\"Image\"]}}]"}}, {"model": "admin.logentry", "pk": 109, "fields": {"action_time": "2021-04-26T19:07:18.806Z", "user": 1, "content_type": 19, "object_id": "2", "object_repr": "We Are Trusted Company", "action_flag": 2, "change_message": "[{\"changed\": {\"fields\": [\"Photo\"]}}]"}}, {"model": "admin.logentry", "pk": 110, "fields": {"action_time": "2021-04-26T19:07:47.205Z", "user": 1, "content_type": 19, "object_id": "1", "object_repr": "How We Started", "action_flag": 2, "change_message": "[{\"changed\": {\"fields\": [\"Photo\"]}}]"}}, {"model": "admin.logentry", "pk": 111, "fields": {"action_time": "2021-04-26T19:10:01.724Z", "user": 1, "content_type": 8, "object_id": "2", "object_repr": "Bioderma, $15.00, Cosmetics:5", "action_flag": 2, "change_message": "[{\"changed\": {\"fields\": [\"Image small\"]}}]"}}, {"model": "admin.logentry", "pk": 112, "fields": {"action_time": "2021-05-06T17:07:01.273Z", "user": 1, "content_type": 10, "object_id": "2", "object_repr": "203 Fake St. Mountain View, San Francisco, California, USA", "action_flag": 3, "change_message": ""}}, {"model": "admin.logentry", "pk": 113, "fields": {"action_time": "2021-05-06T17:07:15.490Z", "user": 1, "content_type": 18, "object_id": "1", "object_repr": "example@mail.com", "action_flag": 3, "change_message": ""}}, {"model": "admin.logentry", "pk": 114, "fields": {"action_time": "2021-05-06T17:07:29.361Z", "user": 1, "content_type": 11, "object_id": "1", "object_repr": "+2 3923929210", "action_flag": 3, "change_message": ""}}, {"model": "admin.logentry", "pk": 115, "fields": {"action_time": "2021-05-06T17:07:39.958Z", "user": 1, "content_type": 9, "object_id": "1", "object_repr": "About us", "action_flag": 3, "change_message": ""}}, {"model": "admin.logentry", "pk": 116, "fields": {"action_time": "2021-05-06T17:12:42.387Z", "user": 1, "content_type": 12, "object_id": "2", "object_repr": "RATED BY EXPERT", "action_flag": 2, "change_message": "[{\"changed\": {\"fields\": [\"Photo\"]}}]"}}, {"model": "admin.logentry", "pk": 117, "fields": {"action_time": "2021-05-06T17:12:56.985Z", "user": 1, "content_type": 12, "object_id": "1", "object_repr": "PHARMA PRODUCTS", "action_flag": 2, "change_message": "[{\"changed\": {\"fields\": [\"Photo\"]}}]"}}, {"model": "admin.logentry", "pk": 118, "fields": {"action_time": "2021-05-06T19:38:21.613Z", "user": 1, "content_type": 12, "object_id": "2", "object_repr": "RATED BY EXPERT", "action_flag": 2, "change_message": "[{\"changed\": {\"fields\": [\"Photo\"]}}]"}}, {"model": "admin.logentry", "pk": 119, "fields": {"action_time": "2021-05-06T19:38:37.316Z", "user": 1, "content_type": 12, "object_id": "1", "object_repr": "PHARMA PRODUCTS", "action_flag": 2, "change_message": "[{\"changed\": {\"fields\": [\"Photo\"]}}]"}}, {"model": "admin.logentry", "pk": 120, "fields": {"action_time": "2021-05-09T03:21:39.562Z", "user": 1, "content_type": 4, "object_id": "2", "object_repr": "John", "action_flag": 2, "change_message": "[]"}}, {"model": "admin.logentry", "pk": 121, "fields": {"action_time": "2021-05-09T03:44:58.758Z", "user": 1, "content_type": 4, "object_id": "2", "object_repr": "John", "action_flag": 2, "change_message": "[{\"changed\": {\"fields\": [\"Staff status\"]}}]"}}, {"model": "admin.logentry", "pk": 122, "fields": {"action_time": "2021-05-09T03:59:43.416Z", "user": 1, "content_type": 4, "object_id": "2", "object_repr": "John", "action_flag": 2, "change_message": "[{\"changed\": {\"fields\": [\"Staff status\", \"Groups\"]}}]"}}, {"model": "admin.logentry", "pk": 123, "fields": {"action_time": "2021-05-09T04:14:09.285Z", "user": 1, "content_type": 4, "object_id": "2", "object_repr": "John", "action_flag": 2, "change_message": "[{\"changed\": {\"fields\": [\"Staff status\"]}}]"}}, {"model": "admin.logentry", "pk": 124, "fields": {"action_time": "2021-05-09T04:17:11.656Z", "user": 1, "content_type": 4, "object_id": "2", "object_repr": "John", "action_flag": 2, "change_message": "[{\"changed\": {\"fields\": [\"Groups\"]}}]"}}, {"model": "admin.logentry", "pk": 125, "fields": {"action_time": "2021-05-09T04:21:46.897Z", "user": 1, "content_type": 3, "object_id": "2", "object_repr": "manager", "action_flag": 1, "change_message": "[{\"added\": {}}]"}}, {"model": "admin.logentry", "pk": 126, "fields": {"action_time": "2021-05-09T04:21:56.180Z", "user": 1, "content_type": 3, "object_id": "1", "object_repr": "Manager", "action_flag": 3, "change_message": ""}}, {"model": "admin.logentry", "pk": 127, "fields": {"action_time": "2021-05-09T04:22:09.649Z", "user": 1, "content_type": 4, "object_id": "2", "object_repr": "John", "action_flag": 2, "change_message": "[{\"changed\": {\"fields\": [\"Groups\"]}}]"}}, {"model": "admin.logentry", "pk": 128, "fields": {"action_time": "2021-05-09T04:25:32.542Z", "user": 1, "content_type": 4, "object_id": "2", "object_repr": "John", "action_flag": 2, "change_message": "[{\"changed\": {\"fields\": [\"Staff status\"]}}]"}}, {"model": "auth.permission", "pk": 1, "fields": {"name": "Can add log entry", "content_type": 1, "codename": "add_logentry"}}, {"model": "auth.permission", "pk": 2, "fields": {"name": "Can change log entry", "content_type": 1, "codename": "change_logentry"}}, {"model": "auth.permission", "pk": 3, "fields": {"name": "Can delete log entry", "content_type": 1, "codename": "delete_logentry"}}, {"model": "auth.permission", "pk": 4, "fields": {"name": "Can view log entry", "content_type": 1, "codename": "view_logentry"}}, {"model": "auth.permission", "pk": 5, "fields": {"name": "Can add permission", "content_type": 2, "codename": "add_permission"}}, {"model": "auth.permission", "pk": 6, "fields": {"name": "Can change permission", "content_type": 2, "codename": "change_permission"}}, {"model": "auth.permission", "pk": 7, "fields": {"name": "Can delete permission", "content_type": 2, "codename": "delete_permission"}}, {"model": "auth.permission", "pk": 8, "fields": {"name": "Can view permission", "content_type": 2, "codename": "view_permission"}}, {"model": "auth.permission", "pk": 9, "fields": {"name": "Can add group", "content_type": 3, "codename": "add_group"}}, {"model": "auth.permission", "pk": 10, "fields": {"name": "Can change group", "content_type": 3, "codename": "change_group"}}, {"model": "auth.permission", "pk": 11, "fields": {"name": "Can delete group", "content_type": 3, "codename": "delete_group"}}, {"model": "auth.permission", "pk": 12, "fields": {"name": "Can view group", "content_type": 3, "codename": "view_group"}}, {"model": "auth.permission", "pk": 13, "fields": {"name": "Can add user", "content_type": 4, "codename": "add_user"}}, {"model": "auth.permission", "pk": 14, "fields": {"name": "Can change user", "content_type": 4, "codename": "change_user"}}, {"model": "auth.permission", "pk": 15, "fields": {"name": "Can delete user", "content_type": 4, "codename": "delete_user"}}, {"model": "auth.permission", "pk": 16, "fields": {"name": "Can view user", "content_type": 4, "codename": "view_user"}}, {"model": "auth.permission", "pk": 17, "fields": {"name": "Can add content type", "content_type": 5, "codename": "add_contenttype"}}, {"model": "auth.permission", "pk": 18, "fields": {"name": "Can change content type", "content_type": 5, "codename": "change_contenttype"}}, {"model": "auth.permission", "pk": 19, "fields": {"name": "Can delete content type", "content_type": 5, "codename": "delete_contenttype"}}, {"model": "auth.permission", "pk": 20, "fields": {"name": "Can view content type", "content_type": 5, "codename": "view_contenttype"}}, {"model": "auth.permission", "pk": 21, "fields": {"name": "Can add session", "content_type": 6, "codename": "add_session"}}, {"model": "auth.permission", "pk": 22, "fields": {"name": "Can change session", "content_type": 6, "codename": "change_session"}}, {"model": "auth.permission", "pk": 23, "fields": {"name": "Can delete session", "content_type": 6, "codename": "delete_session"}}, {"model": "auth.permission", "pk": 24, "fields": {"name": "Can view session", "content_type": 6, "codename": "view_session"}}, {"model": "auth.permission", "pk": 25, "fields": {"name": "Can add category", "content_type": 7, "codename": "add_category"}}, {"model": "auth.permission", "pk": 26, "fields": {"name": "Can change category", "content_type": 7, "codename": "change_category"}}, {"model": "auth.permission", "pk": 27, "fields": {"name": "Can delete category", "content_type": 7, "codename": "delete_category"}}, {"model": "auth.permission", "pk": 28, "fields": {"name": "Can view category", "content_type": 7, "codename": "view_category"}}, {"model": "auth.permission", "pk": 29, "fields": {"name": "Can add product", "content_type": 8, "codename": "add_product"}}, {"model": "auth.permission", "pk": 30, "fields": {"name": "Can change product", "content_type": 8, "codename": "change_product"}}, {"model": "auth.permission", "pk": 31, "fields": {"name": "Can delete product", "content_type": 8, "codename": "delete_product"}}, {"model": "auth.permission", "pk": 32, "fields": {"name": "Can view product", "content_type": 8, "codename": "view_product"}}, {"model": "auth.permission", "pk": 33, "fields": {"name": "Can add about us", "content_type": 9, "codename": "add_aboutus"}}, {"model": "auth.permission", "pk": 34, "fields": {"name": "Can change about us", "content_type": 9, "codename": "change_aboutus"}}, {"model": "auth.permission", "pk": 35, "fields": {"name": "Can delete about us", "content_type": 9, "codename": "delete_aboutus"}}, {"model": "auth.permission", "pk": 36, "fields": {"name": "Can view about us", "content_type": 9, "codename": "view_aboutus"}}, {"model": "auth.permission", "pk": 37, "fields": {"name": "Can add address", "content_type": 10, "codename": "add_address"}}, {"model": "auth.permission", "pk": 38, "fields": {"name": "Can change address", "content_type": 10, "codename": "change_address"}}, {"model": "auth.permission", "pk": 39, "fields": {"name": "Can delete address", "content_type": 10, "codename": "delete_address"}}, {"model": "auth.permission", "pk": 40, "fields": {"name": "Can view address", "content_type": 10, "codename": "view_address"}}, {"model": "auth.permission", "pk": 41, "fields": {"name": "Can add phone", "content_type": 11, "codename": "add_phone"}}, {"model": "auth.permission", "pk": 42, "fields": {"name": "Can change phone", "content_type": 11, "codename": "change_phone"}}, {"model": "auth.permission", "pk": 43, "fields": {"name": "Can delete phone", "content_type": 11, "codename": "delete_phone"}}, {"model": "auth.permission", "pk": 44, "fields": {"name": "Can view phone", "content_type": 11, "codename": "view_phone"}}, {"model": "auth.permission", "pk": 45, "fields": {"name": "Can add rate", "content_type": 12, "codename": "add_rate"}}, {"model": "auth.permission", "pk": 46, "fields": {"name": "Can change rate", "content_type": 12, "codename": "change_rate"}}, {"model": "auth.permission", "pk": 47, "fields": {"name": "Can delete rate", "content_type": 12, "codename": "delete_rate"}}, {"model": "auth.permission", "pk": 48, "fields": {"name": "Can view rate", "content_type": 12, "codename": "view_rate"}}, {"model": "auth.permission", "pk": 49, "fields": {"name": "Can add spec offer", "content_type": 13, "codename": "add_specoffer"}}, {"model": "auth.permission", "pk": 50, "fields": {"name": "Can change spec offer", "content_type": 13, "codename": "change_specoffer"}}, {"model": "auth.permission", "pk": 51, "fields": {"name": "Can delete spec offer", "content_type": 13, "codename": "delete_specoffer"}}, {"model": "auth.permission", "pk": 52, "fields": {"name": "Can view spec offer", "content_type": 13, "codename": "view_specoffer"}}, {"model": "auth.permission", "pk": 53, "fields": {"name": "Can add testimonials", "content_type": 14, "codename": "add_testimonials"}}, {"model": "auth.permission", "pk": 54, "fields": {"name": "Can change testimonials", "content_type": 14, "codename": "change_testimonials"}}, {"model": "auth.permission", "pk": 55, "fields": {"name": "Can delete testimonials", "content_type": 14, "codename": "delete_testimonials"}}, {"model": "auth.permission", "pk": 56, "fields": {"name": "Can view testimonials", "content_type": 14, "codename": "view_testimonials"}}, {"model": "auth.permission", "pk": 57, "fields": {"name": "Can add welcome", "content_type": 15, "codename": "add_welcome"}}, {"model": "auth.permission", "pk": 58, "fields": {"name": "Can change welcome", "content_type": 15, "codename": "change_welcome"}}, {"model": "auth.permission", "pk": 59, "fields": {"name": "Can delete welcome", "content_type": 15, "codename": "delete_welcome"}}, {"model": "auth.permission", "pk": 60, "fields": {"name": "Can view welcome", "content_type": 15, "codename": "view_welcome"}}, {"model": "auth.permission", "pk": 61, "fields": {"name": "Can add spec offer green", "content_type": 16, "codename": "add_specoffergreen"}}, {"model": "auth.permission", "pk": 62, "fields": {"name": "Can change spec offer green", "content_type": 16, "codename": "change_specoffergreen"}}, {"model": "auth.permission", "pk": 63, "fields": {"name": "Can delete spec offer green", "content_type": 16, "codename": "delete_specoffergreen"}}, {"model": "auth.permission", "pk": 64, "fields": {"name": "Can view spec offer green", "content_type": 16, "codename": "view_specoffergreen"}}, {"model": "auth.permission", "pk": 65, "fields": {"name": "Can add spec offer yellow", "content_type": 17, "codename": "add_specofferyellow"}}, {"model": "auth.permission", "pk": 66, "fields": {"name": "Can change spec offer yellow", "content_type": 17, "codename": "change_specofferyellow"}}, {"model": "auth.permission", "pk": 67, "fields": {"name": "Can delete spec offer yellow", "content_type": 17, "codename": "delete_specofferyellow"}}, {"model": "auth.permission", "pk": 68, "fields": {"name": "Can view spec offer yellow", "content_type": 17, "codename": "view_specofferyellow"}}, {"model": "auth.permission", "pk": 69, "fields": {"name": "Can add spec offer blue", "content_type": 13, "codename": "add_specofferblue"}}, {"model": "auth.permission", "pk": 70, "fields": {"name": "Can change spec offer blue", "content_type": 13, "codename": "change_specofferblue"}}, {"model": "auth.permission", "pk": 71, "fields": {"name": "Can delete spec offer blue", "content_type": 13, "codename": "delete_specofferblue"}}, {"model": "auth.permission", "pk": 72, "fields": {"name": "Can view spec offer blue", "content_type": 13, "codename": "view_specofferblue"}}, {"model": "auth.permission", "pk": 73, "fields": {"name": "Can add email", "content_type": 18, "codename": "add_email"}}, {"model": "auth.permission", "pk": 74, "fields": {"name": "Can change email", "content_type": 18, "codename": "change_email"}}, {"model": "auth.permission", "pk": 75, "fields": {"name": "Can delete email", "content_type": 18, "codename": "delete_email"}}, {"model": "auth.permission", "pk": 76, "fields": {"name": "Can view email", "content_type": 18, "codename": "view_email"}}, {"model": "auth.permission", "pk": 77, "fields": {"name": "Can add history", "content_type": 19, "codename": "add_history"}}, {"model": "auth.permission", "pk": 78, "fields": {"name": "Can change history", "content_type": 19, "codename": "change_history"}}, {"model": "auth.permission", "pk": 79, "fields": {"name": "Can delete history", "content_type": 19, "codename": "delete_history"}}, {"model": "auth.permission", "pk": 80, "fields": {"name": "Can view history", "content_type": 19, "codename": "view_history"}}, {"model": "auth.permission", "pk": 81, "fields": {"name": "Can add our offer", "content_type": 20, "codename": "add_ouroffer"}}, {"model": "auth.permission", "pk": 82, "fields": {"name": "Can change our offer", "content_type": 20, "codename": "change_ouroffer"}}, {"model": "auth.permission", "pk": 83, "fields": {"name": "Can delete our offer", "content_type": 20, "codename": "delete_ouroffer"}}, {"model": "auth.permission", "pk": 84, "fields": {"name": "Can view our offer", "content_type": 20, "codename": "view_ouroffer"}}, {"model": "auth.permission", "pk": 85, "fields": {"name": "Can add our team", "content_type": 21, "codename": "add_ourteam"}}, {"model": "auth.permission", "pk": 86, "fields": {"name": "Can change our team", "content_type": 21, "codename": "change_ourteam"}}, {"model": "auth.permission", "pk": 87, "fields": {"name": "Can delete our team", "content_type": 21, "codename": "delete_ourteam"}}, {"model": "auth.permission", "pk": 88, "fields": {"name": "Can view our team", "content_type": 21, "codename": "view_ourteam"}}, {"model": "auth.permission", "pk": 89, "fields": {"name": "Can add message", "content_type": 22, "codename": "add_message"}}, {"model": "auth.permission", "pk": 90, "fields": {"name": "Can change message", "content_type": 22, "codename": "change_message"}}, {"model": "auth.permission", "pk": 91, "fields": {"name": "Can delete message", "content_type": 22, "codename": "delete_message"}}, {"model": "auth.permission", "pk": 92, "fields": {"name": "Can view message", "content_type": 22, "codename": "view_message"}}, {"model": "auth.permission", "pk": 93, "fields": {"name": "Can add order", "content_type": 23, "codename": "add_order"}}, {"model": "auth.permission", "pk": 94, "fields": {"name": "Can change order", "content_type": 23, "codename": "change_order"}}, {"model": "auth.permission", "pk": 95, "fields": {"name": "Can delete order", "content_type": 23, "codename": "delete_order"}}, {"model": "auth.permission", "pk": 96, "fields": {"name": "Can view order", "content_type": 23, "codename": "view_order"}}, {"model": "auth.permission", "pk": 97, "fields": {"name": "Can add order item", "content_type": 24, "codename": "add_orderitem"}}, {"model": "auth.permission", "pk": 98, "fields": {"name": "Can change order item", "content_type": 24, "codename": "change_orderitem"}}, {"model": "auth.permission", "pk": 99, "fields": {"name": "Can delete order item", "content_type": 24, "codename": "delete_orderitem"}}, {"model": "auth.permission", "pk": 100, "fields": {"name": "Can view order item", "content_type": 24, "codename": "view_orderitem"}}, {"model": "auth.group", "pk": 2, "fields": {"name": "manager", "permissions": []}}, {"model": "auth.user", "pk": 1, "fields": {"password": "pbkdf2_sha256$216000$niFsjqkOg70M$/Ii2A/UJ4uoC5K3sR4X3MzUJouJ3hOcv3wMX3w/w8Wo=", "last_login": "2021-05-09T04:24:58.831Z", "is_superuser": true, "username": "Dan", "first_name": "", "last_name": "", "email": "example@mail.com", "is_staff": true, "is_active": true, "date_joined": "2021-04-07T12:09:59.653Z", "groups": [], "user_permissions": []}}, {"model": "auth.user", "pk": 2, "fields": {"password": "pbkdf2_sha256$216000$Xyd2xGbhUcy2$DRxsrZ8+n+r0iEp3dtfh73fu1RKZ4rabCH8ydaw9KBo=", "last_login": "2021-05-09T04:26:01.677Z", "is_superuser": false, "username": "John", "first_name": "", "last_name": "", "email": "", "is_staff": true, "is_active": true, "date_joined": "2021-04-16T16:36:26Z", "groups": [2], "user_permissions": []}}, {"model": "auth.user", "pk": 3, "fields": {"password": "pbkdf2_sha256$216000$Mh44vlaBpuRP$h0yPolayM2+/QG8z59VB4zlIRkI2xTsLe9v77/63Kps=", "last_login": "2021-05-09T03:04:11.770Z", "is_superuser": false, "username": "Ivan", "first_name": "", "last_name": "", "email": "", "is_staff": false, "is_active": true, "date_joined": "2021-04-16T18:15:37.911Z", "groups": [], "user_permissions": []}}, {"model": "sessions.session", "pk": "04hbvv2uvsi37zrhat3jd65bc0f98978", "fields": {"session_data": ".eJxVjMsOgjAQRf-la9MA7eDg0j3fQOZVixpIKKyM_64kLHR7zzn35Qba1jxsxZZhVHdxjTv9bkzysGkHeqfpNnuZp3UZ2e-KP2jx_az2vB7u30Gmkr81INYCoSVgOSOoYhSrq8QBTalhYxMOQFFa5g4loQXQ2IUuVhESufcHAXw4zQ:1lfb0z:MLSUr3jSbIVM7d6tGgX0GV29eivV6b0kCEYdFuCzb2w", "expire_date": "2021-05-23T04:26:01.755Z"}}, {"model": "sessions.session", "pk": "1zoqfkfzizuhymy8o2bbcy5ux2rt60fm", "fields": {"session_data": ".eJxVjEsOwjAMBe-SNYrifpKaJXvOUNmORQookZp2hbg7ROoClu_NaF5mpn1L8151nZdozgbM6fdjkofmBuKd8q1YKXlbF7ZNsQet9lqiPi-H-xdIVFPLTsoKqkGpRxohiOLEgNRxABcBpSfw3g88saDI6LAjR4OP8h2K5v0B-wg4jA:1lfBcM:v0pIon3m2ecRk1kGDFZVQPpGTb7qqI0amWqN0Hasjus", "expire_date": "2021-05-22T01:18:54.861Z"}}, {"model": "sessions.session", "pk": "7pf8xj1xgmhbpyffyv33uiapufsk0u7q", "fields": {"session_data": ".eJxVjMEKgzAQRP9lzyW4GqPrsfd-g2w2S7UtkWo8FPHfa8BDexmYecPboOc1Df266NyPATpAuPxunuWpMYPw4HifjEwxzaM3-WJOupjbFPR1Pb9_goGXIWtb9YqqjXJFXGMjSq1H4tI3WAQkqRidc9a3XkikLqjkgq0LchSlQyo8J-g2sDneK8c0pg90uO_7F6JXQbA:1leraj:ThUARHCYW25BV6WOzVdWLw7Mv-_MynhA_mQSzPM5aKU", "expire_date": "2021-05-21T03:55:53.261Z"}}, {"model": "sessions.session", "pk": "yba47sj7ul42e2s8mj1s11btw66kl85j", "fields": {"session_data": ".eJxVjEsOgzAMBe-SdRXFfELMsvueAdmO1dBWIEFYIe5eIrFol-_NaHYz0JbTsK26DGM0vQFz-_2Y5K1TAfFF03O2Mk95GdkWxV50tY856ud-uX-BRGsq2aCsoNop1UgtdKIYGJAq7sBFQKkJvPcNBxYUaR1W5KjxUc6heEaFlmz6_Ti-P1k72A:1laf6f:X80jPcGbZpGb9XED2ux0Nhga0SaeFNSzlLSVJ7yuNvA", "expire_date": "2021-05-09T13:47:29.478Z"}}, {"model": "main_pharma.category", "pk": 1, "fields": {"title": "Drugs", "category_order": 1, "is_visible": true}}, {"model": "main_pharma.category", "pk": 2, "fields": {"title": "Vitamins", "category_order": 2, "is_visible": true}}, {"model": "main_pharma.category", "pk": 3, "fields": {"title": "Diet & Nutrition", "category_order": 3, "is_visible": true}}, {"model": "main_pharma.category", "pk": 4, "fields": {"title": "Tea & Coffee", "category_order": 4, "is_visible": true}}, {"model": "main_pharma.category", "pk": 5, "fields": {"title": "Cosmetics", "category_order": 5, "is_visible": true}}, {"model": "main_pharma.product", "pk": 1, "fields": {"name": "Ibuprofen Tablets, 200mg", "price": "20.00", "slug": "ibuprofen_tablets", "image_full": "static/products/full/2021/04/26/product_07_large_SMbwWFw.png", "image_small": "static/products/small/2021/04/26/product_07_large_SMbwWFw.apng", "material": "OTC022401", "description": "Pain Management: Acetaminophen PM Extra-Strength Caplets, 500 mg, 100/Bottle", "packaging": "1 BT", "hpis_code": "999_200_40_0", "hc_provider": true, "latex_free": true, "med_route": "Topical", "is_visible": true, "shop_order": 1, "category": 1, "is_popular": true, "is_new": false}}, {"model": "main_pharma.product", "pk": 2, "fields": {"name": "Bioderma", "price": "15.00", "slug": "bioderma", "image_full": "static/products/full/2021/04/26/03f70351b8aa20a6254c8b1f8a576e7d.jpg", "image_small": "static/products/small/2021/04/26/Screenshot_2021-04-08_003110_YWJOYMq.apng", "material": "OTC59030", "description": "Isntree Micelar Washing Cleansing Water", "packaging": "1 BT", "hpis_code": "231_432_99_0", "hc_provider": false, "latex_free": true, "med_route": "On skin", "is_visible": true, "shop_order": 2, "category": 5, "is_popular": true, "is_new": false}}, {"model": "main_pharma.product", "pk": 3, "fields": {"name": "Vitamin C, 200mg", "price": "10.00", "slug": "vitamin_c", "image_full": "static/products/full/2021/04/26/Screenshot_2021-04-08_004157.png", "image_small": "static/products/small/2021/04/26/Screenshot_2021-04-08_004157.apng", "material": "DSDSA03921", "description": "Vitamin C, 100 caps", "packaging": "144/CS", "hpis_code": "432_032_13_1", "hc_provider": false, "latex_free": true, "med_route": "Topical", "is_visible": true, "shop_order": 3, "category": 2, "is_popular": true, "is_new": false}}, {"model": "main_pharma.product", "pk": 4, "fields": {"name": "Green Tea", "price": "19.99", "slug": "green_tea", "image_full": "static/products/full/2021/04/26/greentea-10x2g_1024x1024.png", "image_small": "static/products/small/2021/04/26/greentea-10x2g_1024x1024.apng", "material": "ASW198644", "description": "Herbal Tea from England", "packaging": "144/CS", "hpis_code": "896_123_09_54", "hc_provider": false, "latex_free": true, "med_route": "Topical", "is_visible": true, "shop_order": 4, "category": 4, "is_popular": false, "is_new": true}}, {"model": "main_pharma.product", "pk": 5, "fields": {"name": "Theraflu", "price": "5.00", "slug": "theraflu", "image_full": "static/products/full/2021/04/26/greentea-10x2g_1024x1024_2UWd52y.png", "image_small": "static/products/small/2021/04/26/greentea-10x2g_1024x1024_2UWd52y.apng", "material": "JLKJ66531", "description": "Medication is used to temporarily treat symptoms caused by the common cold, flu, allergies, or other breathing illnesses", "packaging": "1 BT", "hpis_code": "775_921_73_0", "hc_provider": false, "latex_free": true, "med_route": "Topical", "is_visible": true, "shop_order": 5, "category": 1, "is_popular": false, "is_new": true}}, {"model": "main_pharma.product", "pk": 6, "fields": {"name": "Test", "price": "9.00", "slug": "test", "image_full": "static/products/full/2021/04/26/greentea-10x2g_1024x1024_6buFLUY.png", "image_small": "static/products/small/2021/04/26/greentea-10x2g_1024x1024_6buFLUY.apng", "material": "test", "description": "test", "packaging": "1 BT", "hpis_code": "432_032_13_1", "hc_provider": false, "latex_free": true, "med_route": "Topical", "is_visible": true, "shop_order": 6, "category": 1, "is_popular": false, "is_new": true}}, {"model": "main_pharma.product", "pk": 7, "fields": {"name": "Another One", "price": "44.00", "slug": "anotherone", "image_full": "static/products/full/2021/04/26/Screenshot_2021-04-08_003110.png", "image_small": "static/products/small/2021/04/26/Screenshot_2021-04-08_003110.apng", "material": "test", "description": "test", "packaging": "test", "hpis_code": "test", "hc_provider": false, "latex_free": false, "med_route": "test", "is_visible": true, "shop_order": 7, "category": 3, "is_popular": false, "is_new": false}}, {"model": "main_pharma.product", "pk": 8, "fields": {"name": "testtesttest", "price": "22.00", "slug": "testtesttest1", "image_full": "static/products/full/2021/05/09/Screenshot_2021-04-08_003110.png", "image_small": "static/products/small/2021/05/09/Screenshot_2021-04-08_003110.apng", "material": "test", "description": "test", "packaging": "test", "hpis_code": "test", "hc_provider": true, "latex_free": true, "med_route": "test", "is_visible": true, "shop_order": 8, "category": 3, "is_popular": false, "is_new": false}}, {"model": "main_pharma.product", "pk": 9, "fields": {"name": "testtesttest", "price": "36.00", "slug": "testtesttest2", "image_full": "static/products/full/2021/04/26/greentea-10x2g_1024x1024_75RmTmS.png", "image_small": "static/products/small/2021/04/26/greentea-10x2g_1024x1024_75RmTmS.apng", "material": "test", "description": "test", "packaging": "test", "hpis_code": "test", "hc_provider": true, "latex_free": true, "med_route": "test", "is_visible": true, "shop_order": 9, "category": 5, "is_popular": false, "is_new": false}}, {"model": "main_pharma.product", "pk": 10, "fields": {"name": "testtesttest", "price": "14.00", "slug": "testtesttest3", "image_full": "static/products/full/2021/04/26/Screenshot_2021-04-08_003110_vQCGfkX.png", "image_small": "static/products/small/2021/04/26/Screenshot_2021-04-08_003110_vQCGfkX.apng", "material": "test", "description": "test", "packaging": "test", "hpis_code": "test", "hc_provider": true, "latex_free": true, "med_route": "test", "is_visible": true, "shop_order": 10, "category": 4, "is_popular": false, "is_new": false}}, {"model": "main_pharma.welcome", "pk": 1, "fields": {"title": "WELCOME TO PHARMA", "photo": "static/welcome/2021/04/26/hero_1.jpg", "desc": "EFFECTIVE MEDICINE, NEW MEDICINE EVERYDAY"}}, {"model": "main_pharma.specofferblue", "pk": 3, "fields": {"title": "HOT LINE", "desc": "working 24/7"}}, {"model": "main_pharma.specoffergreen", "pk": 1, "fields": {"title": "DELIVERY", "desc": "All over USA"}}, {"model": "main_pharma.specofferyellow", "pk": 1, "fields": {"title": "FREE SHIPPING", "desc": "Only in our store"}}, {"model": "main_pharma.testimonials", "pk": 1, "fields": {"name": "John", "quote": "\"Thats cool!\"", "image": "static/testimonials/2021/04/26/person_2.jpg"}}, {"model": "main_pharma.testimonials", "pk": 2, "fields": {"name": "Helen", "quote": "\"You are the best\"", "image": "static/testimonials/2021/04/26/person_5.jpg"}}, {"model": "main_pharma.testimonials", "pk": 3, "fields": {"name": "Andrew", "quote": "\"I like it!\"", "image": "static/testimonials/2021/04/26/person_3.jpg"}}, {"model": "main_pharma.rate", "pk": 1, "fields": {"title": "PHARMA PRODUCTS", "photo": "static/rate/2021/05/06/bg_1.jpg", "desc": "Delivering all over USA"}}, {"model": "main_pharma.rate", "pk": 2, "fields": {"title": "RATED BY EXPERT", "photo": "static/rate/2021/05/06/bg_3.jpg", "desc": "The best online drug store!"}}, {"model": "main_pharma.history", "pk": 1, "fields": {"title": "How We Started", "photo": "static/history/2021/04/26/bg_1.jpg", "desc": "Our history started at..."}}, {"model": "main_pharma.history", "pk": 2, "fields": {"title": "We Are Trusted Company", "photo": "static/history/2021/04/26/hero_1.jpg", "desc": "We are the best around"}}, {"model": "main_pharma.ouroffer", "pk": 1, "fields": {"title": "Free Shipping", "desc": "test"}}, {"model": "main_pharma.ouroffer", "pk": 2, "fields": {"title": "Free Returns", "desc": "test"}}, {"model": "main_pharma.ouroffer", "pk": 3, "fields": {"title": "Support", "desc": "test"}}, {"model": "main_pharma.ourteam", "pk": 1, "fields": {"name": "Georgy", "position": "Manager", "desc": "cool dude", "image": "static/team/2021/04/26/person_4.jpg"}}, {"model": "main_pharma.ourteam", "pk": 2, "fields": {"name": "Kathrin", "position": "ceo", "desc": "good woman", "image": "static/team/2021/04/26/person_1_t76xnMz.jpg"}}, {"model": "main_pharma.ourteam", "pk": 3, "fields": {"name": "Elvis", "position": "Sales-manager", "desc": "nice guy", "image": "static/team/2021/04/26/person_3.jpg"}}, {"model": "main_pharma.ourteam", "pk": 4, "fields": {"name": "Robert", "position": "Founder", "desc": "awesome man", "image": "static/team/2021/04/26/person_2.jpg"}}, {"model": "main_pharma.message", "pk": 1, "fields": {"user_fname": "Dan", "user_lname": "Dan", "user_email": "example@mail.com", "user_subject": "Go", "user_message": "Hello there!", "pub_date": "2021-04-11", "is_processed": true}}, {"model": "main_pharma.message", "pk": 3, "fields": {"user_fname": "test", "user_lname": "test", "user_email": "example@mail.com", "user_subject": "test", "user_message": "test", "pub_date": "2021-04-11", "is_processed": false}}, {"model": "main_pharma.message", "pk": 5, "fields": {"user_fname": "John", "user_lname": "Test", "user_email": "example@mail.com", "user_subject": "hi", "user_message": "hi", "pub_date": "2021-04-12", "is_processed": false}}, {"model": "main_pharma.message", "pk": 6, "fields": {"user_fname": "test", "user_lname": "test", "user_email": "example@mail.com", "user_subject": "test", "user_message": "", "pub_date": "2021-04-14", "is_processed": false}}, {"model": "main_pharma.message", "pk": 7, "fields": {"user_fname": "John", "user_lname": "test", "user_email": "example@mail.com", "user_subject": "Go", "user_message": "asdsadsad", "pub_date": "2021-04-14", "is_processed": false}}, {"model": "main_pharma.message", "pk": 8, "fields": {"user_fname": "Dan", "user_lname": "test", "user_email": "example@mail.com", "user_subject": "hi", "user_message": "ggggggg", "pub_date": "2021-04-14", "is_processed": false}}, {"model": "main_pharma.message", "pk": 9, "fields": {"user_fname": "Dam", "user_lname": "Van", "user_email": "example@mail.com", "user_subject": "next", "user_message": "cool", "pub_date": "2021-04-25", "is_processed": false}}, {"model": "main_pharma.message", "pk": 10, "fields": {"user_fname": "Test", "user_lname": "Test", "user_email": "example@mail.com", "user_subject": "next", "user_message": "cool", "pub_date": "2021-05-07", "is_processed": false}}, {"model": "main_pharma.message", "pk": 11, "fields": {"user_fname": "Test", "user_lname": "Test", "user_email": "example@mail.com", "user_subject": "next", "user_message": "cool", "pub_date": "2021-05-07", "is_processed": false}}, {"model": "order.order", "pk": 1, "fields": {"first_name": "Test", "last_name": "Test", "email": "example@mail.com", "address": "203 Fake St. Mountain View, San Francisco, California, USA", "city": "San Francisco", "created": "2021-04-19T20:18:39.315Z", "updated": "2021-04-19T20:18:39.315Z", "paid": false}}, {"model": "order.order", "pk": 2, "fields": {"first_name": "John", "last_name": "John", "email": "example@mail.com", "address": "203 Fake St. Mountain View, San Francisco, California, USA", "city": "Las Vegas", "created": "2021-04-20T14:59:58.460Z", "updated": "2021-04-20T14:59:58.460Z", "paid": false}}, {"model": "order.order", "pk": 3, "fields": {"first_name": "John", "last_name": "John", "email": "example@mail.com", "address": "203 Fake St. Mountain View, San Francisco, California, USA", "city": "Las Vegas", "created": "2021-05-06T20:06:11.240Z", "updated": "2021-05-06T20:06:11.240Z", "paid": false}}, {"model": "order.order", "pk": 4, "fields": {"first_name": "Test", "last_name": "Test", "email": "example@mail.com", "address": "203 Fake St. Mountain View, San Francisco, California, USA", "city": "San Francisco", "created": "2021-05-08T01:18:54.004Z", "updated": "2021-05-08T01:18:54.004Z", "paid": false}}, {"model": "order.orderitem", "pk": 1, "fields": {"order": 1, "product": 2, "price": "15.00", "quantity": 2}}, {"model": "order.orderitem", "pk": 2, "fields": {"order": 1, "product": 1, "price": "20.00", "quantity": 1}}, {"model": "order.orderitem", "pk": 3, "fields": {"order": 2, "product": 3, "price": "10.00", "quantity": 1}}, {"model": "order.orderitem", "pk": 4, "fields": {"order": 2, "product": 5, "price": "5.00", "quantity": 1}}, {"model": "order.orderitem", "pk": 5, "fields": {"order": 3, "product": 2, "price": "15.00", "quantity": 1}}, {"model": "order.orderitem", "pk": 6, "fields": {"order": 4, "product": 1, "price": "20.00", "quantity": 2}}, {"model": "order.orderitem", "pk": 7, "fields": {"order": 4, "product": 2, "price": "15.00", "quantity": 2}}]